contentid,title,createdtime,modifiedtime,tel,telname,homepage,firstimage,firstimage2,addr1,addr2,mapx,mapy,mlevel,overview
604454,고창모양성제,20080806013158,20250811104808,063-560-2949,고창군,"<a href=""https://www.xn--v52bo3j80dp4c.com/"" target=""_blank"" title=""새창 : @@@축제 홈페이지 이동"">www.모양성제.com/</a>",http://tong.visitkorea.or.kr/cms/resource/30/3519730_image2_1.jpg,http://tong.visitkorea.or.kr/cms/resource/30/3519730_image3_1.jpg,전북특별자치도 고창군 고창읍 모양성로 11,고창읍성,126.7035138626,35.4331888616,6,"고창모양성제는 국내에서 가장 원형이 잘 보존된 모양성을 주제로 한 역사문화축제이다. 대표프로그램은 답성놀이로서 한바퀴 돌면 다릿병이 낫고, 두바퀴돌면 무병장수하며, 세 바퀴돌면 극락승천 한다는 전설을 체험형 프로그램으로 개발했다. 이 외에도, 답성놀이와 강강술래를 혼합하여 군민과 관광객이 함께 어우러진 야간답성강강술래달밤, 과거현재미래를 표현한 주민 1,000여명이 참여하는 거리 퍼레이드, 과거로의 여행을 주제로 하여 고창읍성 내부를 누비며 즐길 수 있는 리턴즈1453, 그리고 고창지역의 특산물을 활용한 먹거리와 직거래장터 등을 운영한다."
2740109,고창청농원 핑크뮬리축제,20210906201849,20250829145056,010-8801-7722<br>010-6383-5294,고창 청농원,"<a href=""https://blog.naver.com/gobluefarm"" target=""_blank"" title=""새창 : 고창청농원 핑크뮬리시즌 축제 홈페이지 이동"">https://blog.naver.com/gobluefarm</a>",http://tong.visitkorea.or.kr/cms/resource/71/3513971_image2_1.jpg,http://tong.visitkorea.or.kr/cms/resource/71/3513971_image3_1.jpg,전북특별자치도 고창군 공음면 청천길 41-27,고창청농원,126.5351164345,35.3734178114,6,"전라북도 고창군 공음면에 위치한 고창청농원에서 가을을 맞아 핑크뮬리시즌을 개최한다. 
마을의 옛 이름인 맑은 개을가 마을이라는 뜻의 '청천(凊川) 마을'에서 따온 말인 고창청농원은 2만여평의 넓은 공간에 옛 정취를 그대로 간직한 한옥 술암제, 한 숨을 돌릴 수 있는 대형 카페 , 넘실대는 분홍빛 물결의 핑크뮬리 정원, 보랏빛 향기를 머금은 라벤더 정원(5월-6월경),수국정원 등 계절별 꽃들이 조성되어 있는 관광농원이다. 청농원의 핑크뮬리 정원은 약 5000여평에 걸친 분홍 갈대밭과 가을에 만나볼 수 있는 꽃들로 만개시기엔 넘실대는 핑크빛 물결로 장관을 이룬다.  걷는 동안 지루하지 않게 곳곳에 있는 포토존에서 사진 찍는 재미와 핑크뮬리뿐만 아니라 다양한 꽃들도 같이 구경할 수 있어 가을 감성을 듬뿍 느낄 수 있다.
한옥의 넓은 마당에서 아이들은 반려동물과 함께 뛰어놀고 산책하기 좋은 대나무 숲에서 바람에 이는 나뭇잎 소리를 벗삼아 공기 맑고 깨끗한 자연 속에서 편히 쉬었다 가시는 공간이 되길 소망한다."
1846797,군산시간여행축제,20130925221201,20250319191659,063-454-3304,군산시,"<a href=""https://festival.gunsan.go.kr/"" target=""_blank"" title=""새창:군산시간여행축제 홈페이지로 이동"">http://festival.gunsan.go.kr</a>",http://tong.visitkorea.or.kr/cms/resource/03/3352003_image2_1.png,http://tong.visitkorea.or.kr/cms/resource/03/3352003_image3_1.png,전북특별자치도 군산시 중앙로1가,11-1 구시청광장,126.7117073071,35.9877870048,6,"군산시간여행축제는 일제강점기 민중의 항거와 치열한 삶의 역사를 담고있는 근대 군산을 중심으로 군산의 과거, 현재, 미래로의 시간여행을 떠나는 축제이다.
군산근대문화를 기반으로 한 다양한 프로그램들이 펼쳐지며, 시민들이 함께 만드는 퍼레이드와 퍼포먼스 경연대회 및 근대군산의 역사적 스토리를 담은 군산대한독립만세 미션게임과 우리모두 3.5만세 등이 진행된다. 길거리에서 자유롭게 즐기는 거리형 공연과, 체험, 다양한 놀거리와 먹거리까지 모두 경험할 수 있는 가족이 다함께 즐길 수 있는 축제로 운영된다."
2736064,김제 국가유산 야행,20210823201720,20250827113713,063-540-3517,김제시,,http://tong.visitkorea.or.kr/cms/resource/19/3354719_image2_1.jpg,http://tong.visitkorea.or.kr/cms/resource/19/3354719_image3_1.jpg,전북특별자치도 김제시 동헌4길 46-1 (교동),사적 김제군 관아와 향교,126.8821413702,35.8007501353,6,"2025년 국가유산 야행(夜行)은 김제시 교동 일원, 사적'김제군 관아와 향교' 에서 개최되는 국가유산(구. 문화재)을 활용한 행사이다.
조선시대 행정기관(관아) 및 교육기관(향교)을 활용한 프로그램 운영을 통해 국가유산에 대한 시민 관심 제고 및 시민 문화 향유 기회를 제공한다."
574285,김제지평선축제,20080613234803,20250804112145,063-540-3037,김제시,"<a href=""https://festival.gimje.go.kr/"" target=""_blank"" title=""새창 : 김제지평선축제 홈페이지 이동"">https://festival.gimje.go.kr/</a>",http://tong.visitkorea.or.kr/cms/resource/54/3516354_image2_1.jpg,http://tong.visitkorea.or.kr/cms/resource/54/3516354_image3_1.jpg,전북특별자치도 김제시 부량면 벽골제로 442,,126.8522869016,35.7540632714,6,"*하기 축제 먹거리 정보는 전년도(2024년) 정보로, 2025년도 축제 먹거리 정보는 업데이트 중에 있습니다.*<br><br>문화체육관광부가 지정한 대한민국 명예대표 문화관광축제 중 유일하게 전통농경문화를 주제로 개최하는 김제지평선축제는 우리나라 최고(最古), 최대(最大) 수리시설인 김제 벽골제를 중심으로 진행된다. 지평선을 무대로 개최되는 대통령배 전국 농악경연대회를 비롯한 다양한 볼거리와 아궁이 쌀밥 짓기, 메뚜기 잡기, 벼 베기 체험 등 각종 농경문화체험프로그램과 벽골제 전설 쌍룡놀이, 풍년기원 입석 줄다리기 등 전통행사도 현장에서 직접 참여할 수 있다."
3347609,남원국제드론제전 with 로봇,20240813170607,20250826151359,063-620-6693,전북특별자치도 남원시,,http://tong.visitkorea.or.kr/cms/resource/90/3526990_image2_1.png,http://tong.visitkorea.or.kr/cms/resource/90/3526990_image3_1.png,전북특별자치도 남원시 충정로 341 (월락동),남원종합스포츠타운 일원,127.4048573847,35.4285902786,6,"남원 국제드론제전 with 로봇이 10월 16~19일 남원종합스포츠타운에서 개최된다. 올해는 국토교통부 주관 국제 DFL 레이싱 대회가 함께 열려, 세계 최정상급 드론 레이서들이 박진감 넘치는 경기를 펼칠 예정이다. 드론·로봇 전시 및 체험, 기술 컨퍼런스, 드론 퍼포먼스 쇼 등 다양한 프로그램도 마련된다. 남원 글로벌 푸드 페스티벌에서는 세계 각국의 다양한 음식을 맛볼 수 있으며, 미래 기술과 문화가 어우러지는 다양한 체험이 행사장 안에 가득할 예정이다."
506523,무주반딧불축제,20080307183206,20250828160849,063-324-2440,무주군,"<a href=""https://www.firefly.or.kr/"" target=""_blank"" title=""새창:무주반딧불축제 홈페이지로 이동"">https://www.firefly.or.kr/</a>",http://tong.visitkorea.or.kr/cms/resource/69/3520569_image2_1.jpg,http://tong.visitkorea.or.kr/cms/resource/69/3520569_image3_1.jpg,전북특별자치도 무주군 무주읍 한풍루로 326-17,,127.6625943629,36.0023852718,6,"무주반딧불축제는 반딧불이와 자연을 테마로 한 대한민국의 대표적인 환경 축제이다. 매년 8월말에서 9월초에 열리는 무주반딧불축제는 청정 자연 속에서 반딧불이가 뿜어내는 신비로운 불빛을 직접 관찰하며 자연의 소중함을 느낄 수 있는 특별한 경험을 선사하는 것이 특징이다. 축제 기간에는 다양한 생태 체험 프로그램, 전통 문화 행사, 공연프로그램, 불꽃놀이 등 다채로운 볼거리와 즐길 거리가 마련되는데 특히, 반딧불이 신비탐사는 축제의 하이라이트로 많은 방문객에게 잊지 못할 추억을 선사하는 프로그램이다."
2841087,부안국가유산야행,20220822175654,20250826110735,063-278-5714,"국가유산청, 전북특별자치도, 부안군","<a href=""http://www.부안야행.com"" target=""_blank"" title=""새창 : 부안국가유산야행 축제 홈페이지 이동"">http://www.부안야행.com</a>",http://tong.visitkorea.or.kr/cms/resource/09/3526909_image2_1.jpg,http://tong.visitkorea.or.kr/cms/resource/09/3526909_image3_1.jpg,전북특별자치도 부안군 부안읍 당산로 91,,126.7330897643,35.7317582207,6,"부안국가유산야행은 전북특별자치도 부안군청 일원에서 열리는 야간형 프로그램이다. 지역의 특색 있는 역사문화자원을 기반으로 하여 부안 위도띠뱃놀이, 동문안당산, 서문안당산, 구 부안금융조합, 서외리당간, 남문안당산, 부안향교대성전 등 주요 국가유산을 대상으로 운영된다. 행사는 ‘야경, 야로, 야사, 야화, 야설, 야시, 야식, 야숙’ 등 8야(夜) 주제를 바탕으로 전시, 공연, 체험, 미식 프로그램을 구성한다. 운영 시간은 오후 6시부터 오후 11시까지이며, 방문객은 무료로 참여할 수 있다. 축제는 부안의 밤을 국가유산과 함께 즐기는 체험의 장으로서, 당산제 재현과 부안농악 공연을 비롯해 다양한 무형유산과 지역 문화가 어우러지는 것이 특징이다. 다양한 프로그램이 준비되어 있으며, 부안의 역사와 바다를 테마로 한 독창적인 야간 문화 향유 기회를 제공한다."
2933008,부안붉은노을축제,20221215113535,20250813165813,063-580-4774,부안군,,http://tong.visitkorea.or.kr/cms/resource/77/3343477_image2_1.jpg,http://tong.visitkorea.or.kr/cms/resource/77/3343477_image3_1.jpg,전북특별자치도 부안군 변산면 대항리,567,126.5272901102,35.6753000532,6,"10월 24일부터 26일까지 3일간 변산해수욕장에서 열리는 「부안 붉은노을축제」는 타오르는 부안의 붉은 노을을 테마로 한 축제이다. 레드와인 페스타, 재즈 페스티벌, 부안 붉은노을 동요제, 카이트 카니발(대형 연) 등 다양한 연계 행사가 준비되어 있으며, 가족과 연인 등 방문객들에게 선선한 변산해수욕장의 바람과 타오르는 노을과 함께 잊지 못할 추억을 선사할 예정이다."
3395188,순창 코리아 떡볶이 페스타,20241022153724,20250807171433,063-653-1827,"순창군, 한국관광공사, 전주대학교","<a href=""https://www.sftf.or.kr/"" target=""_blank"" title=""새창 : 순창 떡볶이 페스타 홈페이지 이동"">www.sftf.or.kr</a>",http://tong.visitkorea.or.kr/cms/resource/39/3515039_image2_1.jpg,http://tong.visitkorea.or.kr/cms/resource/39/3515039_image3_1.jpg,전북특별자치도 순창군 순창읍 장류로 55,순창발효테마파크 및 전통고추장민속마을 일원,127.1123375755,35.3687947722,6,"K-FOOD를 대표하는 아이콘인 떡볶이를 주제로 지역 특화 축제가 발효의 고장 순창에서 열린다. 이 축제는 지역의 전통장을 활용한 이색적인 떡볶이 레시피를 중심으로, 전시·시식·체험·포토존 등 다양한 콘텐츠를 결합해 미식과 관광의 융합을 이룬다. 순창 고유의 발효 문화와 K-FOOD의 대중성을 접목해 남녀노소 누구나 즐길 수 있는 다채로운 즐길 거리를 제공하며, 가족 단위 방문객은 물론 MZ세대까지 아우르는 오감만족형 콘텐츠로 구성되어 있다. 맛의 재미는 물론, 사진으로 남기기 좋은 포토존과 체험형 콘텐츠를 통해 공유하고 싶은 특별한 순간을 선사하며 지역경제 활성화에도 기여하는 대표 먹거리 축제이다."
638241,순창장류축제,20081016002347,20250316215611,063-650-1624,순창군,"<a href=""http://www.jangfestival.co.kr"" target=""_blank"" title=""새창:순창장류축제 홈페이지로 이동"">http://www.jangfestival.co.kr</a>",http://tong.visitkorea.or.kr/cms/resource/25/3021125_image2_1.png,http://tong.visitkorea.or.kr/cms/resource/25/3021125_image3_1.png,전북특별자치도 순창군 순창읍 민속마을길 6-3,순창고추장민속마을 및 발효테마파크 내,127.1099933429,35.3686391948,6,"*하기 축제 내용은 전년도(2024년) 축제 내용으로, 2025년도 축제 내용은 업데이트 중에 있습니다.*<br><br>전북특별자치도 순창은 천혜의 자연환경과 장류문화의 역사가 살아 숨쉬는 고장으로 대한민국의 대표 먹거리 고추장의 본고장이다. 순창에서 매년 가을 한국의 전통장류를 소재로 한 순창장류축제가 열린다. 전통장류를 소재로 한 체험 프로그램과 문화공연, 전시 및 판매 등 약60여개의 다양한 프로그램들이 진행되며, 순창고추장으로 만든 매콤하고 감칠맛 넘치는 음식들을 맛볼 수 있다. '순창고추장 임금님 진상행렬' 퍼포먼스와 모두 모여 순창고추장, 된장을 만드는 체험 등 순창장류축제만의 특별하고 재미있는 프로그램들도 선보인다."
1336591,완주 와일드&로컬푸드축제,20110721182552,20250605161315,063-290-3976~8,완주군,"<a href=""http://www.wanjufestival.kr/main/"" target=""_blank"" title=""새창:완주와일드푸드축제 홈페이지로 이동"">www.wanjufestival.kr</a>",http://tong.visitkorea.or.kr/cms/resource/68/3424168_image2_1.JPG,http://tong.visitkorea.or.kr/cms/resource/68/3424168_image3_1.JPG,전북특별자치도 완주군 고산면 고산휴양림로 89,완주 고산자연휴양림 일원,127.2312251680,35.9742142010,6,"완주군 대표축제인 완주와일드&로컬푸드축제는 완주의 청정자연속에서 일상에서 경험해보지 못한 WILD한 체험과 로컬푸드 1번지로서 건강한 지역(LOCAL) 먹거리(FOOD)를 만날 수 있는 남녀노소 누구나 즐길 수 있는 축제이다. 와일드&로컬푸드에서는 추억과 향수, 일탈과 힐링을 한꺼번에 만날 수 있다."
2031318,임실N치즈축제,20150930234141,20250625163140,063-643-3900,임실N치즈축제제전위원회,"<a href=""http://www.imsilfestival.com"" target=""_blank"" title=""새창 : 임실N치즈축제 홈페이지로 이동"">http://www.imsilfestival.com</a>",http://tong.visitkorea.or.kr/cms/resource/54/3377054_image2_1.png,http://tong.visitkorea.or.kr/cms/resource/54/3377054_image3_1.png,전북특별자치도 임실군 성수면 도인2길 50,(성수면),127.3012056927,35.6328486749,6,"*하기 축제 내용은 전년도(2024년) 축제 내용으로, 2025년도 축제 내용은 업데이트 중에 있습니다.*<br><br>1967년 임실로 선교활동을 하러 오신 지정환 신부님께서 산양 두 마리를 시작으로, 마을 청년들과 함께 수많은 시행착오와 고생 끝에 대한민국 최초로 치즈를 만들어낸 것을 기념하고, 지역경제 활성화와 치즈산업 발전을 위하여 매년 10월 초 임실치즈테마파크에서 임실군민과 방문객들이 함께 즐기는 대한민국 대표 문화관광축제로 거듭 발전해 나가는 임실N치즈축제이다."
763974,장수한우랑사과랑축제,20090709201415,20250808173654,063-350-2356,사단법인 장수한우랑사과랑축제추진위원회,"<a href=""https://www.jangsufestival.com/index.php"" target=""_blank"" title=""새창 : 장수한우랑사과랑축제 홈페이지 이동"">https://www.jangsufestival.com/index.php</a>",http://tong.visitkorea.or.kr/cms/resource/91/3519591_image2_1.jpg,http://tong.visitkorea.or.kr/cms/resource/91/3519591_image3_1.jpg,전북특별자치도 장수군 장수읍 한누리로 378,,127.5190834126,35.6402571963,6,"*하기 축제 먹거리 정보는 전년도(2024년) 정보로, 2025년도 축제 먹거리 정보는 업데이트 중에 있습니다*<br><br>한우와 사과를 중심 테마로 2007년 제1회 축제를 시작으로 2025년 제19회에 이르는 등 그 역사가 깊은 유서깊은 대한민국 최초의 레드컬러축제이다 특히 2024년부터는 기존 한우와 사과의 농특산 단품에서 벗어나 장수 레드푸드(한우, 사과, 오미자, 토마토)로 그 품목을 확장했으며, 사과맥주, 사과소주, 사과빵, 오미자주 등 가공품의 영역으로 축제의 범위를 확장시켰으며 대한민국 최초의 레드컬러 축제에서 대한민국 최초의 레드푸드 축제로 그 영역을 넓혀 대한민국 대효 문화관광축제로 그 위상을 높이고 있다."
1945450,전주독서대전,20140901183440,20250812174034,063-230-1858,전주시,"<a href=""https://www.jjbook.kr/?mode=homepage"" target=""_blank"" title=""전주독서대전 홈페이지로 이동"">https://www.jjbook.kr/?mode=homepage</a>",http://tong.visitkorea.or.kr/cms/resource/72/3448272_image2_1.jpg,http://tong.visitkorea.or.kr/cms/resource/72/3448272_image3_1.jpg,전북특별자치도 전주시 완산구 전주천동로 20 (교동),,127.1595996936,35.8123202733,6,"전주독서대전은 지역의 출판, 서점, 문화, 교육계 등 독서 생태계와 함께 강연, 공연, 전시, 체험, 북마켓 등 다채로운 프로그램들로 채워진 전주만의 특색을 갖춘 책 축제다."
2864606,제4회 호러 홀로그램 페스티벌,20221006161900,20250827175808,010-5149-8272,"과학기술정보통신부, 전북특별자치도, 익산시, 정보통신산업진흥원","<a href=""https://www.holofest.kr/"" target=""_blank"" title=""새창 : 호러 홀로그램 페스티벌 홈페이지로 이동"">https://www.holofest.kr</a>",http://tong.visitkorea.or.kr/cms/resource/35/3521135_image2_1.jpg,http://tong.visitkorea.or.kr/cms/resource/35/3521135_image3_1.jpg,전북특별자치도 익산시 성당면 함낭로 207,,126.9316966194,36.0693453645,6,"<제4회 익산 호러 홀로그램 페스티벌>은 미스터리 연구소를 배경으로 한 몰입형 공포 체험 축제로 최신 홀로그램 기술과 방탈출, 연극적 요소를 창의적으로 결합하여 새로운 형태의 공포 콘텐츠를 선보이는 행사이다. 전북 홀로그램 산업의 실감 나는 홀로그램 기술을 활용하여 선보일 호러 홀로그램 메인 콘텐츠와 함께 남녀노소 모두가 즐길 수 있는 무대 이벤트와 코스프레 대회, 공포댄스, 플래쉬몹 등 다채로운 부대 프로그램과 풍성한 먹거리까지 즐길 수 있어 공포 마니아부터 일반 관람객까지 모두가 하나 되어 만족할 수 있는 차별화된 공포 엔터테인먼트 페스티벌이다."
1718060,진안홍삼축제,20120913203535,20250704103223,063-430-2393,진안군,"홈페이지:<a href=""https://www.jinan.go.kr/festival/"" target=""_blank"" title=""새창:진안홍삼축제 홈페이지로 이동"">www.jinan.go.kr</a>",http://tong.visitkorea.or.kr/cms/resource/84/3007184_image2_1.png,http://tong.visitkorea.or.kr/cms/resource/84/3007184_image3_1.png,전북특별자치도 진안군 진안읍 마이산로 160,,127.4162612489,35.7730819880,6,"*하기 축제 내용은 전년도(2024년) 축제 내용으로, 2025년도 축제 내용은 업데이트 중에 있습니다.*<br><br>대한민국 유일의 홍삼특구인 진안 마이산 북부 일원에서는 매년 가을 홍삼축제가 열린다. 믿고 먹을 수 있는 질 좋은 홍삼과 홍삼으로 만든 다양한 음식들을 맛볼 수 있는 축제로 인기가 많다. 홍삼이 낯선 아이들을 홍삼관련 체험과, 진안홍삼킹덤을 지켜라!(스탬프투어) 등 재미있는 체험프로그램들이 준비되어 있다. 이밖에도 전통공연, 트로트 페스티벌 등 볼거리도 풍성하며 진안군수가 품질을 인증한 믿을 수 있는 고품질의 홍삼제품을 시중가보다 저렴하게 구매할 수 있다."
2547013,한옥마을전통연희 퍼레이드-노상놀이야,20180512010656,20250407114354,063-236-1577 / 010-4348-3130,전주시 / 전북특별자치도문화관광재단,"<a href=""https://www.hapgood.kr/17"" target=""_blank"" title=""새창: 한옥마을전통연희퍼레이드 사이트로 이동"">https://www.hapgood.kr/</a>",http://tong.visitkorea.or.kr/cms/resource/68/3485868_image2_1.jpg,http://tong.visitkorea.or.kr/cms/resource/68/3485868_image3_1.jpg,전북특별자치도 전주시 완산구 태조로 44 (풍남동3가),,127.1500366062,35.8142143363,6,"거리에서 만나는 뜻밖의 전주민속. 전주의 상징인 전주기접놀이의 화려한 용깃발 퍼포먼스와 풍물놀이가 한가득 넘치는 공연이다. 해학 넘치는 단편 마당놀이, 거대한 용깃발 전주기접놀이 퍼포먼스 풍물연희와 전통기예를 한껏 보고 즐겨 보세요. 그리고 현장에서 전주 구전 노동요인 '만두레 소리'를 함께 배워 보세요."
2544610,2025 경기전 왕과의 산책,20180426221921,20250702153427,063-232-9938,전주시,"<a href=""https://www.instagram.com/culture__art/?hl=ko"" target=""_blank"" title=""새창 : 경기전 왕과의 산책 인스타그램으로 이동"">https://www.instagram.com/</a>",http://tong.visitkorea.or.kr/cms/resource/10/3495210_image2_1.jpg,http://tong.visitkorea.or.kr/cms/resource/10/3495210_image3_1.jpg,전북특별자치도 전주시 완산구 태조로 44 (풍남동3가),,127.1500366062,35.8142143363,6,"◆ 2025 경기전 ""왕과의 산책"" - 탐방편 ◆
- 전주의 밤 풍경을 즐기며 경기전을 거닐 수 있는 기회
- 국가유산 속 역사적 사실을 일깨우는 새로운 방식의 역사해설
- 다양한 조선 캐릭터와 함께하는 사실감 있는 한편의 드라마"
2446505,2025 신관사또부임행차,20161206230328,20250401173125,063-633-5353,남원시관광협의회,,http://tong.visitkorea.or.kr/cms/resource/01/3484901_image2_1.png,http://tong.visitkorea.or.kr/cms/resource/01/3484901_image3_1.png,전북특별자치도 남원시 요천로 1447 (천거동),,127.3799713796,35.4021539472,6,17년간 시민주도로 진행해온 신관사또부임행차 퍼레이드가 25. 4월부터 매주토요일 오후2시 광한루원 일원에서 펼쳐질 예정이다. 신관사또 부임행차 퍼레이드는 남원의 대표 문화자원인 광한루원을 배경으로 쓰여진 춘향전에서 변학도의 남원부임행차 부분을 현대적으로 각색한 퓨전공연물로 남원을 방문하는 관광객에게 다양한 볼거리와 재미를 선사하기 위해 기획되었다.
3525756,"2025 유네스코 인류무형유산 초청공연 <어둠에서 피어난 민중의 노래, 그리스 레베티코>",20250822155628,20250822155652,02-2039-0342,국가유산청 국립무형유산원,"<a href=""https://www.nihc.go.kr/"" target=""_blank"" title=""새창 : 유네스코 인류무형유산 초청공연 홈페이지로 이동"">https://www.nihc.go.kr/</a>",http://tong.visitkorea.or.kr/cms/resource/55/3525755_image2_1.jpg,http://tong.visitkorea.or.kr/cms/resource/55/3525755_image3_1.jpg,전북특별자치도 전주시 완산구 서학로 95 (동서학동),,127.1596636399,35.8099038819,6,"유네스코 인류무형유산으로 등재된 ‘레베티코’. 8명의 그리스 레베티코 연주자들이 선사하는 특별한 무대가 오는 9월, 전주에서 펼쳐진다. 유네스코 인류무형유산 초청공연은 2014년부터 시작된 명품 공연사업으로, 전통과 격조를 갖춘 수준 높은 무대를 선보이고 있다. 레베티코는 사회 속 소외된 이들의 진솔한 삶을 노래하는 도시 대중 음악으로, 그리스의 고단한 역사 속에서 태어나 오늘날까지도 많은 이들의 공감을 이끌어내고 있는 음악이다. 이번 공연은 레베티코가 담고 있는 그리스의 역사와 정서를 한층 깊이 있게 접하며, 생생한 현지의 음악 문화를 경험할 수 있는 소중한 기회가 될 것이다."
3522298,2025 전주드론축구월드컵,20250818154533,20250822135819,063-281-8748,"국토교통부, 전북특별자치도, 전주시, 국제드론축구연맹","공식 홈페이지 <a href=""http://www.fidaworldcupjeonju.com/"" target=""_blank"" title=""새창 : 전주드론축구월드컵 홈페이지로 이동"">http://www.fidaworldcupjeonju.com/</a><BR>
공식 인스타그램 <a href=""https://www.instagram.com/fida_worldcup?igsh=NnBseTdsajA4NHY5"" target=""_blank"" title=""새창 : 전주드론축구월드컵 인스타그램 이동"">https://www.instagram.com/fida_worldcup?igsh=NnBseTdsajA4NHY5</a>",http://tong.visitkorea.or.kr/cms/resource/23/3525523_image2_1.jpg,http://tong.visitkorea.or.kr/cms/resource/23/3525523_image3_1.jpg,전북특별자치도 전주시 덕진구 기린대로 1055 (반월동),,127.0670592641,35.8676429285,6,"2025 전주드론축구월드컵(FIDA World cup Jeonju 2025)는 2025년 9월 25일부터 28일까지 전주월드컵경기장 광장에서 개최되는 제1회 드론축구월드컵이다. 드론축구 개발 10주년을 맞이하는 올해, 전세계 드론축구 선수들이 전주에 모여 세계 최고의 드론축구 국가 자리를 놓고 격돌한다. 시범종목으로 크래싱 대회와 슈퍼파일럿 선발대회가 열리고, 국토교통부와 항공안전기술원이 주최.주관하는 드론산업 국제 심포지엄과 함께 문화예술공연, 드론 체험프로그램, 2025 Buy 전주 GOGO페스티벌, 국토교통부장관기 초중고 전국드론축구대회 등 다양한 행사가 진행된다."
3331805,NS푸드페스타,20240709140026,20250710154949,02-574-1753,"NS홈쇼핑, 익산시","<a href=""http://pr.nsmall.com/customer/foodfesta.do"" target=""_blank"" title=""새창 : NS푸드페스타 홈페이지 이동"">http://pr.nsmall.com</a>",http://tong.visitkorea.or.kr/cms/resource/38/3383938_image2_1.jpg,http://tong.visitkorea.or.kr/cms/resource/38/3383938_image3_1.jpg,전북특별자치도 익산시 함열읍 익산대로78길 137,하림 퍼스트키친,126.9615032843,36.0314029894,6,"최고의 맛을 먹고! 보고! 즐기는""NS푸드페스타""는 국내 농수축산업과 식품산업의 발전을 위해 지난2008년부터 이어져온 식품문화축제이다. 매년 익산 함열읍의 <하림 퍼스트키친>에서 열리는 이 행사는 총 상금 1억원 규모의 전국 요리경연, 식품 스타트업 경진대회, 쿠킹클래스 등 단순한 경연을 넘어 방문객이 직접 보고 즐기는 체험형 행사로 꾸며진다. 관람객이라면 누구나 하림 산업의 공장을 둘러볼 수 있는 미식투어, 프레쉬 마켓, 지역 상생마켓 등의 전시/체험 및 시식/판매 부스가 운영된다. 모든 방문객이 생생한 요리 현장을 가까이에서 관람하며 풍성한미식의 즐거움을 느낄 수 있다."
3009344,나주영산강축제,20230911173216,20250822131455,061-339-8594,나주시,"<a href=""https://www.naju.go.kr/tour/festival/river/2025"" target=""_blank"" title=""새창 : 나주영산강축제  홈페이지 이동"">https://www.naju.go.kr/tour/festival/river/2025</a>",http://tong.visitkorea.or.kr/cms/resource/19/3525419_image2_1.jpg,http://tong.visitkorea.or.kr/cms/resource/19/3525419_image3_1.jpg,전라남도 나주시 영산동,757-1번지,126.7222868501,35.0013352379,6,"나주영산강축제는 영산강이 품은 나주의 찬란한 자연과 깊은 역사, 살아 숨 쉬는 문화가 하나로 어우러진 나주의 대표 문화예술 축제이다. 5일간 펼쳐지는 축제에서는 영산강의 생태·역사·문화를 한눈에 볼 수 있는  '영산강 주제관',  나주 역사 인물을 소재로 한 창작 뮤지컬 '왕후, 장화', '천연염색패션쇼', '마당극 나주삼색놀이' 등 다채로운 공연이 이어진다. 키즈 체험존,  보드게임, 싱어롱쇼 등 남녀노소 누구나 즐길 수 있는 체험 프로그램도 운영된다. 특히, 가을 코스모스가 만발한 영산강변을 거닐며 영산강을 걸어서 건너는 '영산강 횡단 보행교'는 오직 이곳, 나주영산강축제에서만 만날 수 있는 특별한 명소이다.  올해는 나주농업페스타, 전라남도 정원 페스티벌, MBN 전국 나주 마라톤대회도 함께 열려 축제의 즐거움을 더욱 풍성하게 하는 축제이다."
607417,명량대첩축제,20080811231612,20250826153850,061-802-2192,"전라남도, 해남군, 진도군","<a href=""http://www.mldc.kr/web/"" target=""_blank"" title=""새창:명량대첩축제 홈페이지로 이동"">http://www.mldc.kr</a>",http://tong.visitkorea.or.kr/cms/resource/01/3527001_image2_1.jpg,http://tong.visitkorea.or.kr/cms/resource/01/3527001_image3_1.jpg,전라남도 해남군 문내면 관광레저로 12,해남 우수영 국민관광지,126.3094253208,34.5727377970,6,"명량대첩축제는 삼도수군통제사로 재임명된 이순신 장군의 조선수군과 전라도 어민이 1597년 9월 16일 울돌목에서 일본 수군을 물리친 세계사에서 유례없는 명량해전을 기념하는 호국 역사문화축제이다. 전라남도, 진도군, 해남군이 함께 2008년부터 17회째 개최하는 이번 축제는 ICT 융복합 기술을 활용한 멀티 미디어해전과, 퍼레이드, 지역공연 등 다양한 프로그램과 경관조명 등 볼거리로 관광객들의 이목을 끌 예정이다. 명량대첩축제는 삼도수군통제사로 재임명된 이순신 장군의 조선수군과 전라도 어민이 1597년 9월 16일 울돌목에서 일본 수군을 물리친 세계사에서 유례없는 명량해전을 기념하는 호국 역사문화축제이다. 전라남도, 진도군, 해남군이 함께 2008년부터 16회째 개최하는 이번 축제는 ICT 융복합 기술을 활용한 멀티 미디어해전과, 해군 군악의장대, 공군에어쇼, 지역공연 등 다양한 프로그램과 경관조명 등 볼거리로 관광객들의 이목을 끌 예정이다. 명량대첩축제는 삼도수군통제사로 재임명된 이순신 장군의 조선수군과 전라도 어민이 1597년 9월 16일 울돌목에서 일본 수군을 물리친 세계사에서 유례없는 명량해전을 기념하는 호국 역사문화축제이다. 전라남도, 진도군, 해남군이 함께 2008년부터 16회째 개최하는 이번 축제는 ICT 융복합 기술을 활용한 멀티 미디어해전과, 해군 군악의장대, 공군에어쇼, 지역공연 등 다양한 프로그램과 경관조명 등 볼거리로 관광객들의 이목을 끌 예정이다."
574014,목포항구축제,20080613181941,20250818092153,061-270-8441,목포시,"<a href=""https://www.mokpo.go.kr/tour/festival/harbor"" target=""_blank"" title=""새창 : 목포항구축제 홈페이지 이동"">https://www.mokpo.go.kr/tour/festival/harbor</a>",http://tong.visitkorea.or.kr/cms/resource/90/3498990_image2_1.JPG,http://tong.visitkorea.or.kr/cms/resource/90/3498990_image3_1.JPG,전라남도 목포시 삼학로92번길 6 (산정동),,126.3936822230,34.7865706743,6,"*하기 축제 먹거리 정보는 전년도(2024년) 정보로, 2025년도 축제 먹거리 정보는 업데이트 중에 있습니다.*<br><br>목포는 1897년 개항하여 교역, 물류 교통의 중심지로서 과거 전국 3대항, 6대 도시의 영광을 누리면서, 지역경제의 부흥을 주도했으며 현재에는 서남해안의 배후 중심 도시이다. 목포항구축제는 설화가 공존하는 삼학도에서 항구 내음 가득한 목포항의 전통 파시(波市)를 전국에서 유일하게 축제로 재현하여 역사적인 가치를 널리 알린다. 또한 제철 수산물을 활용한 파시 경매, 경매 받은 수산물을 즉석해서 구워먹고 요리 해먹는 등 풍요로운 목포항의 낭만을 가득 담은 행사가 마련되어 있는 가을 축제이다."
3301415,무안 YD 페스티벌,20240514142003,20250319191056,061-450-5474,무안군,,,,전라남도 무안군 삼향읍 대죽서로16번길 16,,126.4628227454,34.8111801483,6,무안YD페스티벌은 ‘용처럼 비상하라! 청년도시 무안’을 주제로 청년들의 꿈이 현실이 되는 청년도시 무안을 알리고 청년들에게 소통의 장을 제공하며 청년문화 중심지로서 무안을 각인하는데 그 취지가 있으며 지역 청년들이 기대하고 기다리는 축제로 자리매김 하고 있다.
1078905,영광불갑산상사화축제,20100823225446,20250811134303,061-350-5269,영광불갑산상사화축제 추진위원회,"<a href=""http://www.xn--vf4bnbz98ad4f37l.com/"" target=""_blank"" title=""새창 : 영광불갑산상사화축제 홈페이지 이동"">www.상사화축제.com/</a>",http://tong.visitkorea.or.kr/cms/resource/96/3334696_image2_1.JPG,http://tong.visitkorea.or.kr/cms/resource/96/3334696_image3_1.JPG,전라남도 영광군 불갑면 불갑사로 450,영광군 불갑사관광지 일원,126.5506415778,35.2001904683,6,"매년 9월 상사화 개화시기에 맞춰, 국내 최대 붉은 꽃무릇 군락지를 이루는 영광군 불갑사관광지에서 개최되는 축제이다. 상사화는 꽃과 잎이 만날 수 없어 그리움, 애틋함, 참사랑을 상징한다. 제25회 영광불갑산상사화축제는 ‘상사화랑 머물GO!, 상사호랑 찍古!’를 주제로 9월26일부터 10월 5일까지 개최된다. 온 산을 붉게 수놓는 상사화와 함께하는 꽃길걷기, 상사화 달빛야행 등의 대표 프로그램과 상사화를 테마로 한 다양한 경연, 공연, 체험, 전시행사가 펼쳐진다. 올해는 온오프라인을 연계한 프로그램 개발, 다회용기 사용을 통한 친환경 축제, 상사화 아카이빙을 통한 추억 되새기기, 영광군 관광지와 연계한 이벤트 강화, 편의시설 확대 등 더욱 새롭게 관광객을 맞이할 계획이다."
2987489,2025 고흥 녹동항 드론쇼,20230509120207,20250403165143,061-830-5902,고흥군청,"<a href=""http://nokdongdrone.co.kr"" target=""_blank"" title=""새창 : 2024 고흥 녹동항 드론쇼"">http://nokdongdrone.co.kr</a>",http://tong.visitkorea.or.kr/cms/resource/86/3485586_image2_1.jpg,http://tong.visitkorea.or.kr/cms/resource/86/3485586_image3_1.jpg,전라남도 고흥군 도양읍 봉암리,3953,127.1341150954,34.5256344743,6,"천혜의 경관을 가진 고흥에서 밤하늘을 비출 드론쇼가 진행됩니다!
반짝이는 드론이 특별한 순간과 여운을 선사합니다.

※ 25. 4. 25.~ 10. 24. 매월 마지막주 금요일, 21시 / 고흥군청 앞 고흥군청광장 700대 규모 드론쇼/ 군민과 하나되는 별밤 버스킹 공연(20시) 연계 진행
※ 상설공연 종료 후, 해맞이/ 설 명절 특별공연 등
※ 기상상황 등에 따라 공연 일정 변경 가능"
3517340,2025 동서화합 영·호남 문화예술관광박람회,20250805174514,20250805174530,062-945-5670,"광주광역시, 전라남도","<a href=""https://www.yhnculture.kr/"" target=""_blank"" title=""새창 : 동서화합 영·호남 문화예술관광박람회 홈페이지로 이동"">https://www.yhnculture.kr/</a>",http://tong.visitkorea.or.kr/cms/resource/38/3517338_image2_1.jpg,http://tong.visitkorea.or.kr/cms/resource/38/3517338_image3_1.jpg,전라남도 담양군 담양읍 죽녹원로 134,,126.9880941182,35.3256086468,6,"대구·광주·경북·전남 지역의 관광 명소를 소개하며, 양 지역 관광교류 활성화를 통한 지역 경제발전 도모의 취지에서 시작한다. 꾸준히 제기되고 있는 지방 소멸의 위기 극복의 해답을 영·호남 양 지역이 지닌 우수한 문화·예술·관광 부문의 교류에서 찾고자 한다. 영·호남의 유서 깊은 문화, 뛰어난 예술, 특색있는 관광 콘텐츠를 세계무대에 널리 알리고, K-콘텐츠로서의 영·호남 문화·예술·관광의 경쟁력을 제고한다. 긴 시간 경쟁과 갈등의 프레임 속에서 굳어진 지역 간의 문화장벽을 허물고, 실질적인 교류·협력 성장의 지속성을 확보한다."
2774275,2025 목포해상W쇼,20211115181411,20250410094125,061-270-8431,목포시,"<a href=""http://mokpowshow.co.kr"" target=""_blank"" title=""새창 :  목포해상W쇼"">http://mokpowshow.co.kr/</a>",http://tong.visitkorea.or.kr/cms/resource/32/3486332_image2_1.jpg,http://tong.visitkorea.or.kr/cms/resource/32/3486332_image3_1.jpg,전라남도 목포시 평화로 82 (상동),,126.4338006577,34.7967007465,6,"대한민국 4대 관광거점도시 목포의 야간 상설 대표 콘텐츠 ‘목포해상W쇼’는 국내 유일 멀티미디어 융합 쇼 콘텐츠로서 해상무대 공연, 국내최대 해상분수, 불꽃쇼 등이 결합한 공연이다. 4년간 총 54회의 공연과 누적 관객수 90만명이 즐긴 대한민국 대표 체류형 야간문화 자산이다. 2025 목포해상W쇼는 더욱 풍성한 해상공연과 화려한 불꽃, 역동적인 바다분수가 연출된다."
2990881,광주 버스킹 월드컵,20230619145413,20250619133957,070-4400-6554,"광주광역시, 광주광역시 동구","<a href=""https://www.buskingworldcup.com/"" target=""_blank"" title=""새창 : 광주 버스킹 월드컵 홈페이지로 이동"">https://www.buskingworldcup.com/kor/</a>",http://tong.visitkorea.or.kr/cms/resource/76/3410976_image2_1.JPG,http://tong.visitkorea.or.kr/cms/resource/76/3410976_image3_1.JPG,광주광역시 동구 금남로1가 41 금남지하상가,5·18민주광장 등 광주 동구 일원,126.9200351748,35.1478775800,6,"전 세계 뮤지션을 대상으로 참가자를 모집하여 월드컵 방식으로 라이브 경연을 펼쳐 순위를 가리는 세계 최대 버스킹 경연대회이다. 거리문화의 상징인 버스킹이 대한민국 민주화의 성지 5·18민주광장으로 나와 축제를 펼친다. 축제가 펼쳐지는 일주일 동안 전세계에서 온 뮤지션들은 단순한 경연을 넘어 국경과 인종을 초월하여 자신들의 음악적 기량을 겨루고 다채로운 개성과 문화를 교류하는 시간을 갖는다. 본선 진출팀에게는 경연 외에도 충장로, 동명동, 구시청 등 광주 구도심에서 자유롭게 공연할 수 있는 프리버스킹 무대가 제공되며 애프터파티, 광주관광 팸투어 등 전 세계에서 온 다양한 뮤지션들이 서로 교류하며 음악적 성장을 할 수 있는 다양한 이벤트가 제공된다."
692682,광주 추억의 충장축제,20090214001350,20250704103935,062-608-4674,"광주광역시 동구, 광주동구문화관광재단, 충장축제위원회","<a href=""http://recollection.kr/index.php"" target=""_blank"" title=""새창 : 광주 추억의 충장축제 홈페이지 이동"">http://recollection.kr/index.php</a>",http://tong.visitkorea.or.kr/cms/resource/59/3501859_image2_1.png,http://tong.visitkorea.or.kr/cms/resource/59/3501859_image3_1.png,광주광역시 동구 금남로3가,,126.9158827040,35.1502800157,6,"*하기 축제 먹거리 정보는 전년도(2024년) 정보로, 2025년도 축제 먹거리 정보는 업데이트 중에 있습니다.*<br><br>'광주 추억의 충장축제'는 광주전남 최고의 상권인 광주광역시 동구 '충장로'에서 시작된 광주 최대 규모의 광주대표 축제이다. 이 축제는 '추억'이라는 보편적 소재를 통해 세대와 계층을 아우르는 '국내 최초의 추억 테마 축제'로서 특별한 의미를 지닌다. 누구나 간직하고 있는 소중한 추억을 공유하며, 다양한 연령대와 배경을 가진 사람들이 하나로 어우러지는 새로운 추억을 만들어내는 추억생산의 공간을 만들어낸다. 특히 축제의 핵심 공간인 금남로와 5.18민주광장이라는 세계 민주주의 역사 속 의미 깊은 공간을 중심으로 펼쳐진다는 점에서, 단순한 지역축제를 넘어선 역사적·문화적 가치를 담고 있다. 민주화의 성지에서 열리는 축제로서 과거의 아픔을 딛고 희망찬 미래를 향한 시민들의 의지를 보여주는 상징적 의미를 지닌다.<br>충장축제는 그 우수성을 대외적으로 인정받아 2024-2025 문화체육관광부 문화관광축제로 선정되었고, 현재는 대한민국 명예문화관광축제로 지정되었다. 또한, 2024년 아시아 피너클 어워드에서 '베스트 퍼레이드 상'을 수상하고 '세계축제도시'로 선정된 데 이어 2025년에는 '베스트 종합 엔터테인먼트 프로그램 상'을 수상하며 연속 국제상 수상의 쾌거를 달성했다. 향후 국립아시아문화전당과의 협력을 통해 지역을 넘어 아시아 전체의 문화와 추억을 아우르는 국제적 축제로 발전하는 큰 포부를 가지고 있으며, 광주가 아시아 문화중심도시로서의 위상을 높이는 동시에 문화를 통한 소통과 화합의 장을 제공하는 소중한 역할을 수행하고 있다."
604097,광주김치축제,20080805224607,20250416113812,062-613-3955~6,광주광역시김치축제위원회,"<a href=""https://kimchi.gwangju.go.kr/"" target=""_blank"" title=""새창 : 광주김치축제 홈페이지로 이동"">https://kimchi.gwangju.go.kr</a>",http://tong.visitkorea.or.kr/cms/resource/49/3018349_image2_1.jpg,http://tong.visitkorea.or.kr/cms/resource/49/3018349_image3_1.jpg,광주광역시 서구 내방로 111 (치평동),광주광역시청 및 야외음악당 일원,126.8530408189,35.1590418545,6,"*하기 축제 내용은 전년도(2024년) 축제 내용으로, 2025년도 축제 내용은 업데이트 중에 있습니다.*<br><br>광주는 예로부터 영산강을 중심으로 펼쳐진 평야와 산, 들, 바다가 한데 어우러져 오랫동안 자연의 혜택을 받으며 맛의 고장으로 자리 잡았다. 그중에서도 광주 김치는 가장 풍요로운 맛과 정취를 담고 있어 ‘전라도 김치’, ‘광주김치’라는 고유명사로 알려질 정도다. 광주 김치는 갖은 채소를 비롯해 멸치액젓과 찹쌀풀죽, 통깨 등 양념을 듬뿍 넣는 것이 특징이다. 신선한 재료를 골라 정성스럽게 손질하고 가장 기본적인 방법으로 담그는 것, 그리고 거기에 손맛을 더하는 것. 이것이 바로 광주김치의 특별 레시피다.  광주세계김치축제는 김치에 담긴 우리 고유의 음식문화와 전통을 만나는 시민 체험의 장이며, 대한민국 김치 대표 축제 로 모두가 함께 즐기는 축제의 장으로 김치관련 생산자와 소비자간의 거래와 홍보도 함께 이루어지는 알짜베기 축제라고 할 수 있다."
3460731,광주여성영화제,20241227103209,20250820180242,062-515-6560,,http://www.wffig.com/,http://tong.visitkorea.or.kr/cms/resource/26/3460726_image2_1.jpg,http://tong.visitkorea.or.kr/cms/resource/26/3460726_image3_1.jpg,광주광역시 동구 중앙로160번길 16-7 (불로동),,126.9146634529,35.1468609363,6,"매년 광주에서 열리는 이 축제는 영화 상영뿐만 아니라 워크숍, 세미나, 패널 토크 등도 진행되어, 영화에 대한 심도 깊은 논의와 함께 여성 영화인의 창작 환경을 향상시키는 데 기여한다. 광주여성영화제는 여성 영화인의 네트워크를 활성화시키고, 성평등과 사회적 메시지를 전파하는 중요한 문화 행사로 자리 잡았다."
3304636,문화가 있는 날 실버마이크 <전라·제주 권역>,20240603142844,20250613171551,062-419-1272,문화체육관광부,"공식 홈페이지 <a href=""https://blog.naver.com/sso6526"" target=""_blank"" title=""새창 : 문화가 있는 날 실버마이크 <전라·제주 권역>축 홈페이지 이동"">https://blog.naver.com/sso6526</a><BR>
공식 인스타그램 <a href=""https://www.instagram.com/sso6526/"" target=""_blank"" title=""새창 : 공식 인스타그램 이동"">https://www.instagram.com/sso6526/</a>",http://tong.visitkorea.or.kr/cms/resource/08/3477608_image2_1.jpg,http://tong.visitkorea.or.kr/cms/resource/08/3477608_image3_1.jpg,광주광역시 남구 덕남길 7 (노대동),,126.8961578975,35.1011713369,6,"올해 실버마이크 전라/제주권역은 전 세대에게 삶의 메시지를 제공하고, 모두가 어울릴 수 있는 교류의 장을 만들기 위한 거리 공연으로 운영된다. 단순히 공연 실력을 뽐내는 자리가 아니라, 그들의 이야기와 열정을 담아 인생에서 가장 빛나는 순간을 지역민과 공유하기 위해 기획된 공연이다. ‘무대 위에 핀, 우리들의 이야기’는 사회가 정한 은퇴에 휘둘리지 않고 나를 표현할 수 있는 최고의 명장면을 만들기 위한 공연 프로젝트이다. 실버예술가의 과거와 현재, 그리고 미래를 담은 일대기가 공연을 통해 지역민에게 전파되는 과정 속에서 무대를 통해 실버 예술가들은 인생에 새로운 의미를 더해 문화적 주체로서 삶을 완성시키고, 관객은 문화와 감동이 있는 삶을 찾게 되는 것을 지향한다. 누구나 겪었을, 누구나 겪게 될 각자의 이야기와 지역의 정서가 버무려진 실버마이크를 통해 전라/제주권역 직주 근접지역 곳곳에서 다채로운 음악과 퍼포먼스를 선뵈는 실버예술가를 만날볼 수 있다."
2598791,비어페스트 광주,20190424001506,20250827094637,062-611-2162,"광주광역시 관광공사, (유)라온트리",,http://tong.visitkorea.or.kr/cms/resource/09/3523409_image2_1.JPG,http://tong.visitkorea.or.kr/cms/resource/09/3523409_image3_1.JPG,광주광역시 서구 상무누리로 30 (치평동),김대중컨벤션센터 야외광장,126.8405588979,35.1467152588,6,"올해 5회를 맞이하는 '비어페스트 광주'는 광주최대규모 오리지널 맥주축제로 올해는 <무제한 맥주> 컨셉의 “불취무귀(不醉無歸), 무제한 적셔브러(BREW)!”라는 주제로 개최된다. 축제 현장에서는 다양한 프리미엄 생맥주(스텔라 아르투아, 한맥, 카스, 카스제로)를 무제한으로 즐길 수 있으며, 실력파 뮤지션들의 라이브무대와 에너지 넘치는 DJ공연, 화려한 댄스 퍼포먼스 등 다채로운 무대가 8월의 여름밤을 한층 뜨겁고 짜릿하게 달굴 예정이다. 동시 개최되는 감성 플리마켓 ‘브리즈 마켓’에서는시원한 맥주 한 잔에 감성을 더한 색다른 즐거움을 만끽할 수 있다. 전국에서 모인 푸드트럭에서는 맥주와 어울리는 트렌디한 먹거리를 즐길 수 있으며, 스마트전자제품, 가족식사권, 전시회관람권 등 푸짐한 경품 이벤트가 진행될 예정이다."
